제조사,비행기모델,ICAO CODE,IATA CODE,비행기구분,비행기크기,CLASS,엔진타입,엔진수,최초운항일,생산수량,단가,상태,조종석수,승객수,길이(m),높이(m),운송범위(km)
CURTISS,Curtiss C-46 Commando,C46,CWC,LandPlane,MEDIUM,Military transport aircraft,Piston,2,1940-03-26,3181,,Production completed (1945),5,40,23.3,6.6,870
CONVAIR,Convair CV-240 / CV-440,CVLP,CV4,LandPlane,MEDIUM,Airliner,Piston,2,1947-03-16,1181,,Production completed (1954),3,40,22.8,8.2,1900
LOCKHEED,Lockheed L-1049 Super Constellation,CONI,L49,LandPlane,MEDIUM,Airliner,Piston,4,1951-07-14,259,,Production completed (1958),5,106,34.6,7.5,8288
DOUGLAS,Douglas DC-6,DC6,D6F,LandPlane,MEDIUM,Airliner/transport aircraft,Piston,4,1946-02-15,704,,Production completed (1958),4,68,30.7,8.7,7377
DE HAVILLAND CANADA,DHC-2 Turbo Beaver,DH2T,DHR,LandPlane,LOW,STOLutility transport,Turboprop/Turboshaft,1,1947-08-16,1657,,Production completed (1967),1,6,9.2,2.7,732
DE HAVILLAND CANADA,DHC-2 Beaver,DHC2,DHP,LandPlane,LOW,STOLutility transport,Piston,1,1947-08-16,1657,,Production completed (1967),1,6,9.2,2.7,732
DE HAVILLAND CANADA,DHC-3 Otter,DHC3,DHL,LandPlane,LOW,STOL utility transport,Piston,1,1951-12-12,466,0.1,Production completed (1967),2,11,12.8,3.8,1524
DE HAVILLAND,DH.104 Dove,DOVE,DHD,LandPlane,LOW,short-haul airliner,Piston,2,1945-09-25,544,0.1,Production completed (1967),2,8,12,4.1,1420
DE HAVILLAND CANADA,DHC-4 Caribou,DHC4,DHC,LandPlane,MEDIUM,STOL Transport,Piston,2,1958-07-30,307,,Production completed (1968),2,30,22.1,9.7,2104
GULFSTREAM AEROSPACE,Aerospace G-159 Gulfstream I,G159,GRS,LandPlane,MEDIUM,Business aircraft,Turboprop/Turboshaft,2,1958-08-14,200,,Production completed (1969),2,24,19.4,6.9,4090
SIKORSKY,Sikorsky S-58T,S58T,S58,Helicopter,LOW,Helicopter,Turboprop/Turboshaft,1,1954-03-08,2108,,Production completed (1970),2,12,17.3,4.9,293
DOUGLAS,Douglas DC-8-50,DC85,D8T,LandPlane,HIGH,Narrow-body airliner,Jet,4,1958-05-30,,,Production completed (1972),2,189,45.9,,10843
DOUGLAS,Douglas DC-8-62,DC86,D8L,LandPlane,HIGH,Narrow-body airliner,Jet,4,,,,Production completed (1972),2,189,48,,9600
DOUGLAS,Douglas DC-8-72,DC87,D8Q,LandPlane,HIGH,Narrow-body airliner,Jet,4,,,,Production completed (1972),2,189,48,,9600
NAMC,NAMC YS-11,YS11,YS1,LandPlane,MEDIUM,Turbopropairliner,Turboprop/Turboshaft,2,1962-08-30,182,2,Production completed (1974),2,64,26.3,9,1090
AEROSPATIALE,Aerospatiale N 262,N262,ND2,LandPlane,MEDIUM,Turboprop airliner,Turboprop/Turboshaft,2,1962-12-24,110,,Production completed (1976),2,29,19.3,6.2,1110
AEROSPATIALE,Aerospatiale SN.601 Corvette,S601,NDC,LandPlane,LOW,Business jet,Jet,2,1970-07-16,40,,Production completed (1977),2,14,13.8,4.2,2555
CESSNA,Cessna 310,C310,,LandPlane,LOW,Twin-engine cabin monoplane,Piston,2,1953-01-03,5449,0.2,Production completed (1980),1,4,8.2,3.2,1600
Pilatus Britten-Norman,BN-2A Mk III Trislander,TRIS,BNT,LandPlane,LOW,Airliner,Piston,3,1970-09-11,72,,Production completed (1980),2,17,15,4.3,
DOUGLAS,Douglas DC-9-10,DC91,D91,LandPlane,MEDIUM,Narrow-bodyjet airliner,Jet,2,1965-02-25,137,5.2,Production completed (1982),2,109,31.8,8.4,2400
DOUGLAS,Douglas DC-9-20,DC92,D92,LandPlane,MEDIUM,Narrow-bodyjet airliner,Jet,2,1968-09-18,10,,Production completed (1982),2,109,31.8,8.4,2800
DOUGLAS,Douglas DC-9-30,DC93,D93,LandPlane,MEDIUM,Narrow-bodyjet airliner,Jet,2,1966-08-01,621,,Production completed (1982),2,127,36.4,8.5,2800
DOUGLAS,Douglas DC-9-40,DC94,D94,LandPlane,MEDIUM,Narrow-bodyjet airliner,Jet,2,,71,,Production completed (1982),2,128,38.3,8.7,2200
DOUGLAS,Douglas DC-9-50,DC95,D95,LandPlane,MEDIUM,Narrow-bodyjet airliner,Jet,2,,96,,Production completed (1982),2,139,40.7,8.8,2400
Piper,Piper PA-31 Navajo,PA31,PA2,LandPlane,LOW,Civil utility aircraft,Piston,2,1964-09-30,3942,,Production completed (1984),2,7,9.9,4,1165
CESSNA,Cessna 152,C152,,LandPlane,LOW,Basic trainer,Piston,1,,7584,,Production completed (1985),1,1,7.3,2.6,768
CESSNA,Cessna Citation I,C500,CNJ,LandPlane,LOW,Corporate jet,Jet,2,1969-09-15,688,4.9,Production completed (1985),2,5,13.3,4.4,2459
ILYUSHIN,Ilyushin IL18,IL18,IL8,LandPlane,MEDIUM,urbopropairlinerandreconnaissance aircraft,Turboprop/Turboshaft,4,1957-07-04,678,24.5,Production completed (1985),9,120,35.9,10.2,6500
GAF,GAF Nomad,NOMA,CD2,LandPlane,LOW,lightutility aircraft,Turboprop/Turboshaft,2,1971-07-23,172,1,Production completed (1985),2,16,14.3,5.5,1352
CESSNA,Cessna 210 Centurion,C210,CN1,LandPlane,LOW,Light aircraft,Piston,1,1957-01-01,9240,,Production completed (1986),1,5,8.6,3,1700
DE HAVILLAND CANADA,DHC-5 Buffalo,DHC5,DHC,LandPlane,MEDIUM,Utility aircraft,Turboprop/Turboshaft,2,1964-04-09,122,,Production completed (1986),3,41,24.1,8.7,1100
MITSUBISHI,Mitsubishi Mu-2,MU2,MU2,LandPlane,LOW,Utility transport aircraft,Turboprop/Turboshaft,2,1963-09-14,704,,Production completed (1986),2,12,12,4.2,2334
SHORT,Short SC.7 Skyvan,SC7,SHS,LandPlane,LOW,Utility aircraft,Turboprop/Turboshaft,2,1963-01-17,149,0.7,Production completed (1986),2,19,12.2,4.6,1115
FOKKER,F-27 Firefighter,F27,F27,LandPlane,MEDIUM,Regional airliner,Turboprop/Turboshaft,2,1955-11-24,586,1.6,Production completed (1987),3,56,25.1,8.7,2600
TUPOLEV,Tupolev Tu-134,T134,TU3,LandPlane,MEDIUM,Airliner,Jet,2,1963-07-29,854,,Production completed (1989),5,84,37.1,9,3000
EMBRAER,EMB 110 Bandeirante,E110,EMB,LandPlane,LOW,TurbopropRegional airliner,Turboprop/Turboshaft,2,1988-10-26,501,,Production completed (1990),2,18,15.1,4.9,1964
SHORT,Short 330,SH33,SH3,LandPlane,MEDIUM,National origin,Turboprop/Turboshaft,2,1994-08-22,141,,Production completed (1992),3,,17.7,5,1695
ILYUSHIN,Ilyushin IL62,IL62,IL6,LandPlane,HIGH,Narrow-bodyjet airliner,Jet,4,1963-01-03,292,,Production completed (1995),5,186,53.1,12.4,10000
FOKKER,Fokker 100,F100,100,LandPlane,MEDIUM,Narrow-body Regional jet airliner,Jet,2,1986-11-30,283,,Production completed (1997),2,122,35.5,8.5,2450
FOKKER,Fokker 50,F50,F50,LandPlane,MEDIUM,Turbopropregional airliner,Turboprop/Turboshaft,2,1985-12-28,213,0.2,Production completed (1997),2,,25.3,8.3,1700
FOKKER,Fokker 70,F70,F70,LandPlane,MEDIUM,Regional jet,Jet,2,1993-04-04,47,,Production completed (1997),2,85,30.9,8.5,3410
SAAB,Saab 2000,SB20,S20,LandPlane,MEDIUM,TurbopropRegional airliner,Turboprop/Turboshaft,2,1992-03-26,63,,Production completed (1999),2,58,27.3,7.7,2869
SAAB,Saab 340,SF34,SF3,LandPlane,MEDIUM,Turboprop regional airliner,Turboprop/Turboshaft,2,1983-01-25,459,,Production completed (1999),3,34,19.7,7,1732
CESSNA,"Cessna Citation III, VI, VII",C650,CNJ,LandPlane,MEDIUM,Business jet,Jet,2,1979-05-30,360,9.8,Production completed (2000),2,9,16.9,5.1,4348
McDonnell Douglas,McDonnell Douglas MD-11,MD11,M11,LandPlane,HIGH,Wide-body jet airliner,Jet,3,1990-01-10,200,147.5,Production completed (2000),3,323,61.6,17.7,12455
EMBRAER,EMB 120 Brasilia,E120,EM2,LandPlane,MEDIUM,Turboprop Regional airliner,Turboprop/Turboshaft,2,1983-07-27,354,,Production completed (2001),3,30,20,6.4,1750
Avro, Avro RJ100,RJ1H,AR1,LandPlane,MEDIUM,Airliner,Jet,4,1981-09-03,387,,Production completed (2001),2,112,31,8.6,3340
Fairchild,Fairchild Dornier 328JET,J328,FRJ,LandPlane,MEDIUM,Airliner,Jet,2,1998-01-20,110,10.5,Production completed (2002),3,33,21.1,7.2,2740
CESSNA,Cessna Citation II,C550,CNJ,LandPlane,LOW,Corporate jet,Jet,2,1977-01-31,1184,,Production completed (2006),2,8,14.5,4.6,3700
CANADAIR,Canadair Regional Jet 100,CRJ1,CR1,LandPlane,MEDIUM,Regional jet/Business jet,Jet,2,1991-05-10,1021,31.6,Production completed (2006),4,50,26.8,6.2,3056
CANADAIR,Canadair Regional Jet 200,CRJ2,CR2,LandPlane,MEDIUM,Regional jet/Business jet,Jet,2,,,,Production completed (2006),4,50,26.8,6.2,3148
TECNAM,Tecnam P96,GOLF,,LandPlane,LOW,Two-seat ultralight monoplane,Piston,1,1996-01-01,,,Production completed (2006),2,,6.4,2.3,740
DASSAULT,Dassault Falcon 50,FA50,DF3,LandPlane,MEDIUM,Business jet,Jet,3,1976-11-07,352,21.1,Production completed (2008),2,9,18.5,7,5695
CESSNA,Cessna Citation V,C560,CNJ,LandPlane,MEDIUM,Corporate jet,Jet,2,1987-08-01,774,,Production completed (2011),2,8,14.9,4.6,3630
LEARJET,Learjet 60,LJ60,LRJ,LandPlane,MEDIUM,Business jet,Jet,2,1990-10-10,100,146.7,Production completed (2012),2,8,17.9,4.5,4463
Socata ,SOCATA TB family,TB20,,LandPlane,LOW,Light single engine piston aircraft,Piston,1,,2150,0.5,Production completed (2012),1,4,7.6,9.8,1210
CESSNA,Cessna 162,C162,CN1,LandPlane,LOW,Personal use andflight trainingaircraft,Piston,1,2006-10-13,275,0.1,Production completed (2013),1,1,6.9,2.6,470
CESSNA,Reims-Cessna F406 Caravan II,F406,CNT,LandPlane,LOW,Twin-engined utility,Turboprop/Turboshaft,2,1983-09-22,99,4.3,Production completed (2013),1,12,11.9,4,2135
BRITISH AEROSPACE,British Aerospace125 series,H25B,H25,LandPlane,MEDIUM,Mid-sizebusiness jet,Jet,2,1962-08-13,1720,1.5,Production completed (2013),2,8,15.4,5.3,3060
TUPOLEV,Tupolev Tu-154,T154,TU5,LandPlane,MEDIUM,Narrow-bodyjet airliner,Jet,3,1968-10-04,1026,,Production completed (2013),5,180,37.6,11.4,2500
BOMBARDIER,Bombardier 415,CL2T,,Amphibian,MEDIUM,Amphibious water bomber,Turboprop/Turboshaft,2,1993-12-06,95,3.7,Production completed (2015),2,,20.4,9,2427
CESSNA,Cessna Citation Mustang,C510,CNJ,LandPlane,LOW,Business jet,Jet,2,2005-04-23,479,3.4,Production completed (2017),2,5,12.4,4.1,2161
EUROCOPTER,EC120 Colibri / Harbin HC120,EC20,,Helicopter,LOW,Lightutility helicopter,Turboprop/Turboshaft,1,1995-06-09,700,2,Production completed (2017),1,4,11.5,3.4,727
CESSNA,Cessna Citation X,C750,CNJ,LandPlane,MEDIUM,Business jet,Jet,2,1993-12-21,339,23.4,Production completed (2018),2,12,22,5.9,3460
AERONCA,"7AC Champ, 7ECA Citabria",CH7A,,LandPlane,LOW,Lightutility aircraft,Piston,1,1944-04-29,10000,,Production completed (2018),1,1,6.5,,430
GULFSTREAM AEROSPACE,Gulfstream IV,GLF4,GJ4,LandPlane,MEDIUM,Business jet,Jet,2,1985-09-19,900,41,Production completed (2018),2,19,27.2,7.7,8056
PIPISTREL,PC-6 Turbo Porter,PC6T,PL6,LandPlane,LOW,STOLpassenger andutility aircraft,Turboprop/Turboshaft,1,1961-05-02,595,1.9,Production completed (2019),1,10,11,3.2,730
Junkers,Junkers Ju 52/3M,JU52,JU5,LandPlane,MEDIUM,"Transport aircraft,medium bomber, airliner",Piston,3,1930-10-13,4845,,Production completed 1952),2,17,18.9,5.6,998
LOCKHEED,Lockheed L-1011 TriStar,L101,L10,LandPlane,HIGH,Wide-bodyjet airliner,Jet,3,1970-11-16,250,20,Production completed 1984),3,400,54.2,16.9,4963
ILYUSHIN,Ilyushin IL86,IL86,ILW,LandPlane,HIGH,Wide-body airliner,Jet,4,1976-12-22,106,,Production completed 1991),4,320,60.2,15.7,5000
BRITISH AEROSPACE,British Aerospace Jetstream 31,JS31,J31,LandPlane,LOW/MEDIUM,Regional airliner,Turboprop/Turboshaft,2,1980-03-28,,,Production completed 1993),2,19,14.4,5.3,1260
LEARJET,Learjet 35 / 36 / C-21A,LJ35,LRJ,LandPlane,MEDIUM,Business jet,Jet,2,1973-08-22,738,,Production completed 1994),2,,14.8,3.7,5291
BRITISH AEROSPACE,British Aerospace Jetstream 41,JS41,J41,LandPlane,MEDIUM,Regional airliner/Feederliner,Turboprop/Turboshaft,2,1991-09-25,100,6,Production completed 1997),3,29,19.3,5.7,1433
BAC,One-Eleven,BA11,B11,LandPlane,MEDIUM,Short-rangejetlinerandbusiness jet,Jet,2,1963-08-20,244,5.2,retired,2,89,28.5,7.5,1340
SHORT,SC-5 Belfast ,BELF,SHB,LandPlane,MEDIUM,Heavy airfreighter,Turboprop/Turboshaft,4,1964-01-05,10,,retired,5,150,41.6,14.3,1610
Grumman,Grumman G-73T Turbo Mallard,G73T,GRM,Amphibian,LOW,Amphibious airliner,Turboprop/Turboshaft,2,1964-04-30,59,4,retired,2,17,14.7,5.7,2070
DE HAVILLAND,DH-114 Heron,HERN,DHH,LandPlane,LOW,Airliner,Piston,4,1950-05-10,149,,retired,2,14,14.8,4.8,1473
LOCKHEED,Lockheed L-188 Electra,L188,LOE,LandPlane,MEDIUM,Turboprop airliner,Turboprop/Turboshaft,4,1957-12-06,170,,retired,3,98,31.9,10,3500
McDonnell Douglas,McDonnell Douglas MD-90,MD90,M90,LandPlane,MEDIUM,Narrow-body jet airliner,Jet,2,1993-02-22,116,48.5,retired,2,172,46.5,12,3787
TUPOLEV,Tupolev Tu-144,T144,,LandPlane,HIGH,Supersonic airliner,Jet,4,1968-12-31,16,,retired,3,140,65.7,12.6,6500
BELL,212,B212,BH2,Helicopter,LOW,Medium utility helicopter,Turboprop/Turboshaft,2,1968-01-01,,,Production completed 1998),1,14,17.4,3.8,273
AIRBUS,A-300-600,A306,AB6,LandPlane,HIGH,Wide-body jet airliner,Jet,2,1972-10-28,561,17.5,Production completed 2007),2,247,53.6,16.7,7500
Hawker Siddeley,HS-748,A748,HS7,LandPlane,MEDIUM,Airliner,Turboprop/Turboshaft,2,1960-06-24,380,1.6,Production completed 1988),2,58,20.4,2.3,1715
ANTONOV,An-124 Ruslan,A124,A4F,LandPlane,HIGH,Heavy transport aircraft,Jet,4,1982-12-24,55,100,서비스중,6,88,69.1,21.1,14000
ANTONOV,An-140,A140,A40,LandPlane,MEDIUM,Turboprop Regional airliner,Turboprop/Turboshaft,2,1997-12-17,35,9,서비스중,2,52,22.6,8.2,900
ANTONOV,An-148,A148,A81,LandPlane,MEDIUM,Regional jet airliner,Jet,2,2004-12-17,47,20,서비스중,2,85,29.1,8.2,2100
ANTONOV,An-158,A158,A58,LandPlane,MEDIUM,Regional jet airliner,Jet,2,2010-04-28,,30,서비스중,2,99,30.8,8.2,2500
AIRBUS,A-319neo,A19N,31N,LandPlane,MEDIUM,Narrow-body twin-engine jet airliner,Jet,2,2014-12-25,1306,101.5,서비스중,2,140,33.8,11.8,6950
AIRBUS,A-320neo,A20N,32N,LandPlane,MEDIUM,Narrow-body twin-engine jet airliner,Jet,2,2014-12-25,,110.6,서비스중,2,165,37.6,11.8,6500
AIRBUS,A-321neo,A21N,32Q,LandPlane,MEDIUM,Narrow-body twin-engine jet airliner,Jet,2,2014-12-25,,129.5,서비스중,2,206,44.5,11.8,7400
AQUILA,A-210,A210,,LandPlane,LOW,Two seat light aircraft,Piston,1,2000-03-05,120,0.1,서비스중,2,,7.3,2.3,1148
ANTONOV,An-225 Mriya,A225,A5F,LandPlane,HIGH,Outsize cargo freight aircraft,Jet,6,1988-12-21,1,,서비스중,6,,84,18.1,4000
AIRBUS,"A-300B2, A-300B4, and A-300C4",A30B,AB4,LandPlane,HIGH,Wide-body jet airliner,Jet,2,1974-04-15,,,서비스중,3,281,53.6,16.7,5375
AIRBUS,A-318,A318,318,LandPlane,MEDIUM,Narrow-bodyjet airliner,Jet,2,2002-01-15,80,77.4,서비스중,2,132,31.4,12.6,5740
AIRBUS,A-319,A319,319,LandPlane,MEDIUM,Narrow-bodyjet airliner,Jet,2,1995-08-25,1482,89.6,서비스중,2,156,33.8,11.8,6940
AIRBUS,A-320,A320,320,LandPlane,MEDIUM,Single-aislejet airliner,Jet,2,1987-02-22,9373,101,서비스중,2,186,37.6,12.6,6945
AIRBUS,A-321,A321,321,LandPlane,MEDIUM,Narrow-bodyjet airliner,Jet,2,1993-03-11,2088,115,서비스중,2,185,44.5,11.8,5930
AIRBUS,A-330-200,A332,332,LandPlane,HIGH,Wide-bodyjet airliner,Jet,2,1992-11-02,680,238.5,서비스중,2,406,58.8,17.4,13450
AIRBUS,A-330-300,A333,333,LandPlane,HIGH,Wide-bodyjet airliner,Jet,2,1992-11-02,771,264.2,서비스중,2,440,63.7,16.8,11750
AIRBUS,A-330-700 Beluga XL,A337,,LandPlane,HIGH,Outsize cargofreight aircraft,Jet,2,2018-07-19,5,1133,서비스중,2,,63.1,18.9,4300
AIRBUS,A-330-800neo,A338,338,LandPlane,HIGH,Wide-bodyjet airliner,Jet,2,2017-10-19,4,259.9,서비스중,2,406,58.8,17.4,15094
AIRBUS,A-330-900neo,A339,339,LandPlane,HIGH,Wide-bodyjet airliner,Jet,2,2017-10-19,42,296.4,서비스중,2,440,63.7,16.8,13334
AIRBUS,A-340-200,A342,342,LandPlane,HIGH,Wide-bodyjet airliner,Jet,4,1991-10-25,13500,105,서비스중,2,303,59.4,17,12400
AIRBUS,A-340-300,A343,343,LandPlane,HIGH,Wide-bodyjet airliner,Jet,4,1991-10-25,218,238,서비스중,2,335,63.7,17,13500
AIRBUS,A-340-500,A345,345,LandPlane,HIGH,Wide-bodyjet airliner,Jet,4,1991-10-25,32,261.8,서비스중,2,313,67.9,17.5,16670
AIRBUS,A-340-600,A346,346,LandPlane,HIGH,Wide-bodyjet airliner,Jet,4,1991-10-25,97,275.4,서비스중,2,380,75.4,17.9,14450
AIRBUS,A-350-900,A359,359,LandPlane,HIGH,Wide-body airliner,Jet,2,2013-06-14,327,334,서비스중,2,440,66.8,17.1,15000
AIRBUS,A-350-1000,A35K,351,LandPlane,HIGH,Wide-body airliner,Jet,2,2013-06-14,43,366.5,서비스중,2,480,73.8,17.1,16100
AIRBUS,A-380-800,A388,388,LandPlane,HIGH,Wide-body airliner.Double-deck aircraft,Jet,4,2005-04-27,242,445.6,서비스중,2,853,72.7,24.1,14800
AIRBUS,A-A300-600ST,A3ST,ABB,LandPlane,HIGH,Outsize cargofreight aircraft,Jet,2,1994-09-13,5,207.5,서비스중,2,,56.2,17.2,2779
ICON,A-5,A5,,Amphibian,LOW,Amphibiouslight-sport aircraft,Piston,1,2008-07-09,100,0.4,서비스중,1,1,7,2.5,491
COMAC,ARJ21,AJ27,C27,LandPlane,MEDIUM,Regional jet,Jet,2,2008-11-28,40,40,서비스중,2,90,33.5,8.4,2200
ANTONOV,AN-12,AN12,ANF,LandPlane,MEDIUM,Civil and military transport aircraft,Turboprop/Turboshaft,4,1957-12-16,1248,,서비스중,5,60,33.1,10.5,3600
ANTONOV,AN-24,AN24,AN4,LandPlane,MEDIUM,Transport aircraft/TurbopropRegional airliner,Turboprop/Turboshaft,2,1959-10-29,1367,,서비스중,3,50,23.5,8.3,550
ANTONOV,AN-26,AN26,A26,LandPlane,MEDIUM,Transport aircraft,Turboprop/Turboshaft,2,1969-05-21,1403,,서비스중,5,40,23.8,8.6,1100
ANTONOV,AN-28,AN28,A28,LandPlane,LOW,Short-rangeairliner,Turboprop/Turboshaft,2,1969-09-15,191,,서비스중,2,17,13.1,4.9,1000
ANTONOV,AN-30,AN30,A30,LandPlane,MEDIUM,Aerial cartography Aircraftandreconnaissanceandtransport,Turboprop/Turboshaft,2,1967-08-21,123,,서비스중,7,,24.3,8.3,2630
ANTONOV,AN-32,AN32,A32,LandPlane,MEDIUM,Military transport aircraft,Turboprop/Turboshaft,2,1976-07-09,373,15,서비스중,4,50,23.8,8.8,2500
ANTONOV,AN-72 / AN-74,AN72,AN7,LandPlane,MEDIUM,Transport aircraft,Jet,2,1977-08-31,195,,서비스중,5,52,28.1,8.7,4325
AEROPRAKT, A-22 Foxbat / A-22 Valor / A-22 ,AP22,,LandPlane,LOW,Sports Light Aircraft,Piston,1,1996-10-21,,,서비스중,1,1,6.3,2.4,1100
AEROSPATIALE,AS-332B1 Super Puma,AS32,APH,Helicopter,MEDIUM,Mediumutility helicopter,Turboprop/Turboshaft,2,1978-09-13,1000,15.5,서비스중,2,24,16.8,5,851
AEROSPATIALE,AS350 Ecureuil/AS355 Ecureuil 2/AS550 Fennec,AS50,NDE,Helicopter,LOW,Lightutility helicopter,Turboprop/Turboshaft,1,1974-06-27,3590,2.4,서비스중,1,5,10.9,3.1,662
ATR,ATR-42-300,AT43,AT4,LandPlane,MEDIUM,Turboprop Regional airliner,Turboprop/Turboshaft,2,1984-08-16,,,서비스중,2,48,22.7,7.6,459
ATR,ATR-42-500,AT45,AT5,LandPlane,MEDIUM,Turboprop Regional airliner,Turboprop/Turboshaft,2,1995-10-31,,,서비스중,2,48,22.7,7.6,716
ATR,ATR-42-600,AT46,ATR,LandPlane,MEDIUM,Turboprop Regional airliner,Turboprop/Turboshaft,2,2007-10-31,,,서비스중,2,48,22.7,7.6,716
ATR,ATR-72,AT72,AT7,LandPlane,MEDIUM,Regional airliner,Turboprop/Turboshaft,2,1988-10-27,1000,26,서비스중,,,,,
ATR,ATR-72-200 series,AT73,ATR,LandPlane,MEDIUM,Regional airliner,Turboprop/Turboshaft,2,,,,서비스중,,,,,
ATR,ATR-72-500,AT75,ATR,LandPlane,MEDIUM,Regional airliner,Turboprop/Turboshaft,2,,,,서비스중,,,,,
ATR,ATR-72-600,AT76,ATR,LandPlane,MEDIUM,Regional airliner,Turboprop/Turboshaft,2,2009-07-24,,,서비스중,2,70,27.2,7.7,1528
ROBIN,ATL,ATL,ATL,LandPlane,LOW,Light aircraft,Piston,1,1983-08-06,132,,서비스중,2,,6.7,2,790
BRITISH AEROSPACE,ATP,ATP,ATP,LandPlane,MEDIUM,Airliner,Turboprop/Turboshaft,2,1986-08-17,65,,서비스중,2,64,26,7.1,1825
EUROCOPTER,BO-105,B105,MBH,Helicopter,LOW,Light utility helicopter,Turboprop/Turboshaft,2,1967-02-16,1500,1.9,서비스중,2,4,11.9,3,657
BEECHCRAFT,1900,B190,BEH,LandPlane,MEDIUM,"Regional airliner,cargo, and corporate aircraft",Turboprop/Turboshaft,2,1982-09-03,695,5,서비스중,2,19,17.6,4.7,707
BOEING,737 MAX 7,B37M,7M7,LandPlane,MEDIUM,Narrow-bodytwin-enginejet airliner,Jet,2,2016-01-29,387,99.7,서비스중,2,153,35.6,12.3,7130
BOEING,737 MAX 8,B38M,7M8,LandPlane,MEDIUM,Narrow-bodytwin-enginejet airliner,Jet,2,2017-05-22,,121.6,서비스중,2,178,39.5,12.3,6570
BOEING,737 MAX 9,B39M,7M9,LandPlane,MEDIUM,Narrow-bodytwin-enginejet airliner,Jet,2,2017-04-13,,128.9,서비스중,2,193,42.2,12.3,6570
BOEING,737 MAX10,B3XM,7MJ,LandPlane,MEDIUM,Narrow-bodytwin-enginejet airliner,Jet,2,,,134.9,서비스중,2,204,43.8,12.3,6110
BELL,Bell 412,B412,BH2,Helicopter,LOW,Multipurposeutility helicopter,Turboprop/Turboshaft,2,1979-08-01,869,,서비스중,2,13,13,4.6,609
BELL,Bell 429,B429,BH2,Helicopter,LOW,Multipurpose utility helicopter,Turboprop/Turboshaft,2,2007-02-27,325,7.5,서비스중,1,6,12.7,4,722
BRITISH AEROSPACE,BAe-146-100,B461,141,LandPlane,MEDIUM,Airliner,Jet,4,1981-09-03,166,,서비스중,2,82,26.2,8.6,3870
BRITISH AEROSPACE,BAe-146-200,B462,142,LandPlane,MEDIUM,Airliner,Jet,4,1982-08-01,221,,서비스중,2,100,28.6,8.6,3650
BRITISH AEROSPACE,BAe-146-300,B463,143,LandPlane,MEDIUM,Airliner,Jet,4,,,,서비스중,2,112,31,8.6,3340
BOEING,Boeing 707,B703,703,LandPlane,HIGH,Narrow-body airliner,Jet,4,1957-12-20,865,41,서비스중,3,189,44.2,12.7,6700
BOEING,Boeing 717,B712,,,,Narrow-bodyjet airliner,,,1988-09-02,156,,서비스중,2,106,37.8,9,1430
BOEING,Boeing 720B,B720,B72,LandPlane,MEDIUM,Narrow-bodyjet airliner,Jet,4,1959-11-23,154,30.1,서비스중,3,156,41.7,12.6,5900
BOEING,Boeing 727-100,B721,721,LandPlane,MEDIUM,Narrow-body airliner,Jet,3,1963-02-09,571,22,서비스중,3,125,40.6,10.4,2250
BOEING,Boeing 727-200,B722,722,LandPlane,MEDIUM,Narrow-body airliner,Jet,3,1967-07-27,1260,,서비스중,3,155,46.7,10.7,3500
BOEING,Boeing 737-200,B732,732,LandPlane,MEDIUM,Narrow-body airliner,Jet,2,1967-08-08,991,,서비스중,2,136,30.5,11,4800
BOEING,Boeing 737-300,B733,733,LandPlane,MEDIUM,Narrow-body airliner,Jet,2,1984-02-24,1113,,서비스중,2,149,37,11.1,4398
BOEING,Boeing 737-400,B734,734,LandPlane,MEDIUM,Narrow-body airliner,Jet,2,1988-02-19,486,,서비스중,2,188,37,11.1,4398
BOEING,Boeing 737-500,B735,735,LandPlane,MEDIUM,Narrow-body airliner,Jet,2,1989-06-30,389,,서비스중,2,145,37,11.1,4398
BOEING,Boeing 737-600,B736,736,LandPlane,MEDIUM,Narrow-body airliner,Jet,2,1988-01-22,69,,서비스중,2,149,42,12,4398
BOEING,Boeing 737-700,B737,73G,LandPlane,MEDIUM,Narrow-body airliner,Jet,2,1997-02-09,1128,,서비스중,2,149,42,12,5575
BOEING,Boeing 737-800,B738,738,LandPlane,MEDIUM,Narrow-body airliner,Jet,2,1997-07-31,4991,,서비스중,2,189,42,12,5575
BOEING,Boeing 737-900,B739,739,LandPlane,MEDIUM,Narrow-body airliner,Jet,2,2000-08-03,52,,서비스중,2,220,42,12,5575
BOEING,Boeing 747-100,B741,741,LandPlane,HIGH,Wide-bodyjet airliner,Jet,4,1969-02-09,176,146.7,서비스중,3,440,70.7,19.3,8560
BOEING,Boeing 747-200,B742,742,LandPlane,HIGH,Wide-bodyjet airliner,Jet,4,,393,175.2,서비스중,3,550,70.7,19.3,12150
BOEING,Boeing 747-300,B743,743,LandPlane,HIGH,Wide-bodyjet airliner,Jet,4,1982-10-05,81,219.9,서비스중,3,550,70.7,19.3,11720
BOEING,Boeing 747-400,B744,744,LandPlane,HIGH,Wide-bodyjet airliner,Jet,4,1989-02-01,694,,서비스중,2,660,70.7,19.4,14200
BOEING,Boeing 747-8I,B748,74H,LandPlane,HIGH,Wide-bodyjet airliner,Jet,4,2010-02-08,47,,서비스중,2,495,76.3,19.4,14320
BOEING,Boeing 747SR,B74R,74R,LandPlane,HIGH,Wide-bodyjet airliner,Jet,4,1973-08-31,29,,서비스중,3,400,56.3,19.9,10800
AIRBUS,A310-200,A310,312,LandPlane,HIGH,Wide-bodyjet airliner,Jet,2,1982-04-03,255,,Production completed 1998),2,220,46.7,15.8,6500
BOEING,Boeing 757-200,B752,752,LandPlane,MEDIUM,Narrow-body airliner,Jet,2,1982-02-19,994,65,서비스중,2,239,47.3,13.6,7250
BOEING,Boeing 757-300,B753,753,LandPlane,MEDIUM,Narrow-body airliner,Jet,2,1998-08-02,55,80,서비스중,2,295,54.4,13.6,6295
BOEING,Boeing 767-200,B762,762,LandPlane,HIGH,Wide-bodyjet airliner,Jet,2,1981-09-26,287,,서비스중,2,290,48.5,5.4,7200
BOEING,Boeing 767-300,B763,763,LandPlane,HIGH,Wide-bodyjet airliner,Jet,2,,862,220.3,서비스중,2,351,54.9,5.4,7200
BOEING,Boeing 767-400ER,B764,764,LandPlane,HIGH,Wide-bodyjet airliner,Jet,2,,38,,서비스중,2,375,61.4,5.4,10415
BOEING,Boeing 777-200/ 777-200ER,B772,772,LandPlane,HIGH,Wide-body airliner,Jet,2,1994-06-12,510,306.6,서비스중,2,440,63.7,18.5,9700
BOEING,Boeing 777-300,B773,773,LandPlane,HIGH,Wide-body airliner,Jet,2,1997-10-16,60,375.5,서비스중,2,550,73.9,18.5,11165
BOEING,Boeing 777-8,B778,778,LandPlane,HIGH,Wide-bodyjet airliner,Jet,2,2020-01-25,2,410.2,서비스중,2,384,69.8,19.5,16170
BOEING,Boeing 777-9,B779,779,LandPlane,HIGH,Wide-bodyjet airliner,Jet,2,,,442.2,서비스중,2,426,76.7,19.7,13500
BOEING,Boeing 777-200  Freighter,B77L,77X,LandPlane,HIGH,all-cargo version of the twinjet,Jet,2,,186,,서비스중,2,440,63.7,18.6,9200
BOEING,Boeing 777-300ER,B77W,77W,LandPlane,HIGH,Special Freighter,Jet,2,,820,,서비스중,2,550,73.7,18.5,13649
BOEING,Boeing 787-8,B788,788,LandPlane,HIGH,Wide-body jet airliner,Jet,2,2009-12-15,374,,서비스중,2,359,56.7,16.9,13620
BOEING,Boeing 787-9,B789,789,LandPlane,HIGH,Wide-body jet airliner,Jet,2,2013-09-17,542,,서비스중,2,406,62.8,17,14140
BOEING,Boeing 787-10,B78X,781,LandPlane,HIGH,Wide-body jet airliner,Jet,2,2017-06-08,56,,서비스중,2,440,68.3,17,11910
AIRBUS,A220-100,BCS1,221,LandPlane,MEDIUM,Narrow-bodyjet airliner,Jet,2,2013-09-16,40,81,서비스중,2,135,35,11.5,6297
AIRBUS,A220-300,BCS3,223,LandPlane,MEDIUM,Narrow-bodyjet airliner,Jet,2,,76,91.5,서비스중,2,160,38.7,11.5,6204
BEECH,Baron 55,BE55,,LandPlane,LOW,Civilutility aircraft,Piston,2,1960-02-29,6884,14.9,서비스중,1,5,8.5,2.9,1745
BEECH,Baron 58,BE58,,LandPlane,LOW,Civilutility aircraft,Piston,2,,,,서비스중,1,5,8.5,2.9,
BERIEV,Be-200 Altair ,BER2,,Amphibian,MEDIUM,Multiroleamphibious aircraft,Jet,2,1998-09-24,17,,서비스중,2,,32,8.9,2100
AMERICAN CHAMPION,"8KCAB Decathlon, 8GCBC Scout",BL8,,LandPlane,LOW,Lightutility aircraft,Piston,1,,,,서비스중,1,1,7,2.9,684
BOEING,Boeing 747 LCF Dreamlifter,BLCF,74B,LandPlane,HIGH,Outsize cargofreight aircraft,Jet,4,2006-09-09,4,,서비스중,2,,71.7,21.5,7800
Britten-Norman,BN-2A/B Islander,BN2P,BNI,LandPlane,LOW,Utility aircraft/airliner,Piston,2,1965-06-13,1280,3,서비스중,1,10,10.9,4.2,241
LOCKHEED,L-182 / 282 / 382 (L-100) Hercules,C130,LOH,LandPlane,MEDIUM,Transport aircraft,Turboprop/Turboshaft,4,1964-04-20,114,6,서비스중,4,,34.4,11.7,2470
CESSNA,Cessna 172,C172,CN1,LandPlane,LOW,Civilutility aircraft,Piston,1,1955-06-12,44000,0.3,서비스중,1,3,8.3,2.7,1289
CESSNA,Cessna 182 Skylane,C182,CN1,LandPlane,LOW,Light utility aircraft,Piston,1,,23237,0.5,서비스중,1,3,8.8,2.8,1720
CESSNA,Cessna 206 Stationair,C206,CN1,LandPlane,LOW,Light aircraft,Piston,1,,8509,0.7,서비스중,1,5,8.6,2.8,1350
CESSNA,Cessna 208 Caravan,C208,CN1,LandPlane,LOW,utility aircraft,Turboprop/Turboshaft,1,1982-12-09,2600,2.7,서비스중,2,9,11.5,4.5,1982
CASA / IPTN,CASA / IPTN 212 Aviocar,C212,CS2,LandPlane,MEDIUM,Medium STOLmilitary transport aircraft,Turboprop/Turboshaft,2,1971-03-26,483,8,서비스중,2,26,16.2,6.6,835
CESSNA,Cessna Citation CJ2,C25A,CNJ,LandPlane,LOW,Business jet,Jet,2,1991-04-29,,7,서비스중,1,9,14.5,4.3,3298
CESSNA,Cessna Citation CJ3,C25B,CNJ,LandPlane,LOW,Business jet,Jet,2,,,8.7,서비스중,1,9,15.6,4.6,3778
CESSNA,Cessna Citation CJ4,C25C,CNJ,LandPlane,MEDIUM,Business jet,Jet,2,,,9.7,서비스중,1,10,16.3,4.7,4010
LOCKHEED MARTIN,Lockheed Martin C-130J Hercules,C30J,LOH,LandPlane,MEDIUM,"Military transport,aerial refuelling",Turboprop/Turboshaft,4,1996-04-05,400,167,서비스중,3,92,29.8,11.8,3300
CESSNA,Cessna CitationJet,C525,CNJ,LandPlane,LOW,Business jet,Jet,2,1991-04-29,1450,5.2,서비스중,2,7,13,4.2,2871
CESSNA,Cessna Citation Excel,C56X,CNJ,LandPlane,MEDIUM,Business jet,Jet,2,1996-02-29,908,13.7,서비스중,2,9,16,5.2,3441
CESSNA,Cessna Citation Sovereign,C680,CNJ,LandPlane,MEDIUM,Business jet,Jet,2,2002-02-01,349,18.8,서비스중,2,12,19.4,6.2,5900
CESSNA,172 Cutlass RG,C72R,CN1,LandPlane,LOW,,Piston,1,,,,서비스중,,,,,
CESSNA,177 Cardinal RG,C77R,CN1,LandPlane,LOW,,Piston,1,,,,서비스중,,,,,
COMAC,COMAC C-919,C919,,LandPlane,MEDIUM,Narrow-bodytwinjet airliner,Jet,2,2017-05-05,,,서비스중,2,168,38.9,12,4075
AMERICAN CHAMPION,"7GCAA, 7GCBC, 7KCAB Citabria",CH7B,,LandPlane,LOW,Lightutility aircraftand sports plane,Piston,1,1964-01-01,5238,,서비스중,1,1,,,761
BOMBARDIER,Bombardier BD-100 Challenger 300,CL30,,LandPlane,MEDIUM,Business jet,Jet,2,2001-08-14,,26.7,서비스중,2,9,20.9,6.2,5741
BOMBARDIER,Canadair Challenger,CL60,CCJ,LandPlane,MEDIUM,Business jet,Jet,2,1978-11-08,1066,32.4,서비스중,2,19,20.9,6.3,7408
CASA/IPTN,CASA / IPTN CN-235,CN35,CS5,LandPlane,MEDIUM,Transport aircraft/maritime patrol aircraft,Turboprop/Turboshaft,2,1983-11-11,284,34,서비스중,2,51,25.8,8.2,4355
CANADAIR,Canadair Regional Jet 700 / Regional Jet 550,CRJ7,CR7,LandPlane,MEDIUM,Regional jet,Jet,2,1999-05-27,346,41.4,서비스중,3,78,32.3,7.6,2553
CANADAIR,Canadair Regional Jet 900,CRJ9,CR9,LandPlane,MEDIUM,Regional jet,Jet,2,,436,46.5,서비스중,3,90,36.2,7.5,2876
CANADAIR,Canadair Regional Jet 1000,CRJX,CRK,LandPlane,MEDIUM,Regional jet,Jet,2,,63,49.5,서비스중,3,104,39.1,7.5,3004
CONVAIR,Convair CV-580 / CV-600 / CV-640,CVLT,CV5,LandPlane,MEDIUM,Airliner,Turboprop/Turboshaft,2,,,,서비스중,,,,,
DORNIER,Fairchild Dornier Do.228,D228,D28,LandPlane,LOW,Airliner,Turboprop/Turboshaft,2,1981-03-28,367,8.2,서비스중,2,19,16.6,4.9,396
DORNIER,Fairchild Dornier Do.328,D328,D38,LandPlane,MEDIUM,Airliner,Turboprop/Turboshaft,2,1991-12-06,217,9.8,서비스중,3,33,21.2,7.1,1852
DIAMOND,Diamond DA42,DA42,,LandPlane,LOW,Light twin-engined utility andtrainer aircraft,Piston,2,2002-12-09,600,0.6,서비스중,1,3,8.6,2.5,2250
DIAMOND,Diamond DA62,DA62,,LandPlane,LOW,Twin enginelight aircraft,Piston,2,2012-04-03,120,1.3,서비스중,1,6,9.2,2.8,2380
DOUGLAS,Douglas DC-10-10 / -15 Passenger,DC10,D11,LandPlane,HIGH,Wide-bodyjet airliner,Jet,3,1970-08-29,386,122,서비스중,3,270,55.6,17.5,6500
DOUGLAS,Douglas DC-3,DC3,D3F,LandPlane,MEDIUM,Airlinerand transport aircraft,Piston,2,1935-12-17,607,1.5,서비스중,2,32,19.7,5.2,126
DE HAVILLAND CANADA,DHC-8-100 Dash 8 / 8Q,DH8A,DH1,LandPlane,MEDIUM,Turboprop regional airliner,Turboprop/Turboshaft,2,1983-06-20,299,,서비스중,2,40,22.3,7.5,2084
DE HAVILLAND CANADA,DHC-8-200 Dash 8 / 8Q,DH8B,DH2,LandPlane,MEDIUM,Turboprop regional airliner,Turboprop/Turboshaft,2,,105,12,서비스중,2,40,22.3,7.5,2084
DE HAVILLAND CANADA,DHC-8-300 Dash 8 / 8Q,DH8C,DH3,LandPlane,MEDIUM,Turboprop regional airliner,Turboprop/Turboshaft,2,,267,14.3,서비스중,2,56,25.7,7.5,1711
DE HAVILLAND CANADA,DHC-8-400 Dash 8Q,DH8D,DH4,LandPlane,MEDIUM,Turboprop regional airliner,Turboprop/Turboshaft,2,,587,32.2,서비스중,2,90,32.8,8.4,2040
DE HAVILLAND CANADA,DHC-6 Twin Otter,DHC6,DHT,LandPlane,LOW,Utility aircraft,Turboprop/Turboshaft,2,1965-05-20,985,6.5,서비스중,2,20,15.1,5.9,1427
DE HAVILLAND CANADA,DHC-7 Dash 7,DHC7,DH7,LandPlane,MEDIUM,STOLregional airliner,Turboprop/Turboshaft,4,1975-03-27,113,,서비스중,2,50,24.6,8,1280
EMBRAER,RJ135,E135,ER3,LandPlane,MEDIUM,Twin-engineregional airliner,Jet,2,1995-08-11,1213,15,서비스중,3,37,26.3,6.8,1750
EMBRAER,RJ145,E145,ER4,LandPlane,MEDIUM,Twin-engineregional airliner,Jet,2,,,,서비스중,3,50,29.9,6.8,2000
EMBRAER,Embraer 170,E170,E70,LandPlane,MEDIUM,Narrow-bodyjet airliner,Jet,2,2002-02-19,191,41,서비스중,2,72,29.9,9.9,3982
EMBRAER,Embraer 190,E190,E90,LandPlane,MEDIUM,Narrow-bodyjet airliner,Jet,2,,564,56,서비스중,2,100,36.2,10.6,4537
EMBRAER,Embraer 195,E195,E95,LandPlane,MEDIUM,Narrow-bodyjet airliner,Jet,2,,172,55,서비스중,2,116,38.7,10.6,4260
EMBRAER,Embraer E190-E2,E290,290,LandPlane,MEDIUM,Narrow-bodyjet airliner,Jet,2,2016-05-23,23,53.6,서비스중,2,104,36.2,11,2850
EMBRAER,Embraer E195-E2,E295,295,LandPlane,MEDIUM,Narrow-bodyjet airliner,Jet,2,,168,60.4,서비스중,2,132,41.5,10.9,2600
EMBRAER,Embraer Legacy 600 / Legacy 650,E35L,ER3,LandPlane,MEDIUM,Business jet,Jet,2,2001-03-31,283,25.9,서비스중,2,14,26.3,6.8,6297
EMBRAER,Embraer Phenom 100,E50P,EP1,LandPlane,LOW,Very light jet,Jet,2,2007-07-26,369,4.5,서비스중,1,7,12.8,4.4,2182
EMBRAER,Embraer Legacy 450 / Praetor 500,E545,,LandPlane,MEDIUM,Business jet,Jet,2,2013-12-28,43,16,서비스중,2,9,20,6.4,5371
EMBRAER,Embraer Legacy 500 / Praetor 600,E550,,LandPlane,MEDIUM,Business jet,Jet,2,2012-11-27,68,17,서비스중,2,12,20.7,6.4,5788
EMBRAER,Embraer Phenom 300,E55P,EP3,LandPlane,MEDIUM,Light business jet,Jet,2,,500,9.5,서비스중,2,6,15.9,5,3723
EMBRAER,Embraer 175 (long wing),E75L,E7W,LandPlane,MEDIUM,Narrow-bodyjet airliner,Jet,2,,637,46,서비스중,2,78,31.7,9.9,4074
EUROCOPTER,EC225 Super Puma,EC25,,Helicopter,MEDIUM,Passenger transporthelicopter,Turboprop/Turboshaft,2,2000-11-27,170,28,서비스중,2,24,19.5,5,857
EUROCOPTER,EC135/EC635,EC35,,Helicopter,LOW,Lightutility helicopter,Turboprop/Turboshaft,2,1994-05-15,1300,,서비스중,1,7,10.2,3.5,635
EUROCOPTER,EC145,EC45,,Helicopter,LOW,Lightutility helicopter,Turboprop/Turboshaft,2,1999-06-12,1500,,서비스중,2,9,13,3.5,680
TECNAM,P92 Echo / P92 Eaglet / P92 SeaSky,ECHO,,LandPlane,LOW,Two-seat ultralight monoplane,Piston,1,1993-03-14,,0.1,서비스중,2,,6.4,2.5,800
EVEKTOR,EV-97 EuroStar / EV-97 Harmony,EV97,,LandPlane,LOW,Light Sport Aircraft,Piston,1,,,,서비스중,1,1,6,2.5,1300
EVEKTOR,SportStar,EVSS,,LandPlane,LOW,Light Sport Aircraft,Piston,1,,,,서비스중,1,1,6,2.5,1300
MD Helicopters,MD900 Explorer,EXPL,MD9,Helicopter,LOW,Light twin utility helicopter,Turboprop/Turboshaft,2,1992-12-18,,,서비스중,2,6,9.9,3.7,542
DASSAULT,Dassault Falcon 2000,F2TH,D20,LandPlane,MEDIUM,Business jet,Jet,2,1993-03-04,607,35.1,서비스중,2,19,20.2,7.1,6020
DASSAULT,Dassault Falcon 900,F900,DF9,LandPlane,MEDIUM,Business jet,Jet,3,1984-09-21,500,444.8,서비스중,2,19,20.2,1.9,7400
DASSAULT,Dassault Falcon 7X,FA7X,DF7,LandPlane,MEDIUM,Intercontinentalbusiness jet,Jet,3,2005-05-05,289,0.5,서비스중,3,16,23.4,7.8,11019
GULFSTREAM AEROSPACE,G-21A Goose,G21,GRG,Amphibian,LOW,Transportamphibious aircraft,Piston,2,1937-05-29,345,,서비스중,3,7,11.7,4.9,1030
GULFSTREAM AEROSPACE,Gulfstream G280,G280,GR3,LandPlane,MEDIUM,Business jet,Jet,2,2009-12-11,,24.5,서비스중,2,10,20.3,6.5,6667
GIPPSAERO,GippsAero GA-8 Airvan,GA8,,LandPlane,LOW,Utility aircraft/Transport,Piston,1,1995-03-03,240,0.9,서비스중,1,7,9,3.9,1352
BOMBARDIER,BD-700 Global 5500,GL5T,CCX,LandPlane,MEDIUM,Business jet,Jet,2,1996-10-13,816,46,서비스중,3,16,29.5,7.8,10556
BOMBARDIER,Global Express /Raytheon Sentinel,GLEX,CCX,LandPlane,MEDIUM,Airborne battlefield and ground surveillance aircraft,Jet,2,2004-05-26,5,,서비스중,5,,30.3,8.2,9249
GULFSTREAM AEROSPACE,Gulfstream V,GLF5,GJ5,LandPlane,MEDIUM,Business jet,Jet,2,1995-11-28,193,36,서비스중,2,19,29.4,8.2,10186
GULFSTREAM AEROSPACE,Gulfstream G650,GLF6,GJ6,LandPlane,MEDIUM,Business jet,Jet,2,2009-11-25,400,0.7,서비스중,2,19,30.4,7.7,13890
BRITISH AEROSPACE,British  125-1000 series,H25C,H25,LandPlane,MEDIUM,Mid-sizebusiness jet,Jet,2,1962-08-13,,,서비스중,2,8,15.4,5.3,3060
HONDA,HA-420,HDJT,,LandPlane,LOW,"Business jet, Very light jet",Jet,2,2003-12-03,150,,서비스중,2,7,13,4.5,2661
ILYUSHIN,Ilyushin Il-114,I114,I14,LandPlane,MEDIUM,TurbopropRegional airliner,Turboprop/Turboshaft,2,1990-03-29,20,,서비스중,2,64,26.9,9.2,1000
ILYUSHIN,Ilyushin IL76,IL76,IL7,LandPlane,HIGH,Strategic and tacticalairlifter,Jet,4,1971-03-25,960,,서비스중,5,,46.6,14.8,4000
ILYUSHIN,Ilyushin IL96,IL96,I93,LandPlane,HIGH,Widebodyjet airliner,Jet,4,1988-09-28,30,50,서비스중,3,436,63.9,15.7,10000
BRITISH AEROSPACE,British Aerospace Jetstream 32,JS32,J32,LandPlane,MEDIUM,Regional airliner,Turboprop/Turboshaft,2,1980-03-28,,,서비스중,2,19,14.4,5.3,1260
LET,LET 410,L410,L4T,LandPlane,LOW,"Regional airliner,cargo aircraft",Turboprop/Turboshaft,2,1969-04-16,1200,6.3,서비스중,2,19,14.4,6,510
McDonnell Douglas,McDonnell Douglas MD-81,MD81,M81,LandPlane,MEDIUM,Narrow-bodyjet airliner,Jet,2,1979-10-18,132,,서비스중,2,155,45.1,9,3300
McDonnell Douglas,McDonnell Douglas MD-82,MD82,M82,LandPlane,MEDIUM,Narrow-bodyjet airliner,Jet,2,1981-01-08,569,,서비스중,2,155,45.1,9,3800
McDonnell Douglas,McDonnell Douglas MD-83,MD83,M83,LandPlane,MEDIUM,Narrow-bodyjet airliner,Jet,2,1984-12-17,265,,서비스중,2,155,45.1,9,4720
McDonnell Douglas,McDonnell Douglas MD-87,MD87,M87,LandPlane,MEDIUM,Narrow-bodyjet airliner,Jet,2,1986-12-04,75,,서비스중,2,130,39.8,9.3,4400
McDonnell Douglas,McDonnell Douglas MD-88,MD88,M88,LandPlane,MEDIUM,Narrow-bodyjet airliner,Jet,2,1987-08-15,150,,서비스중,2,155,45.1,9,4720
MIL,MIL Mi-24 / Mi-25 / Mi-35,MI24,,Helicopter,MEDIUM,Attack helicopterwithtransportcapabilities,Turboprop/Turboshaft,2,1969-09-19,2648,,서비스중,3,8,17.5,6.5,450
MIL,MIL Mi-8/Mi-17 / Mi-171 / Mi-172,MI8,MIH,Helicopter,MEDIUM,Transport helicopterwitharmed assaultcapabilities,Turboprop/Turboshaft,2,1975-01-01,12000,,서비스중,3,24,18.5,5.7,800
TECNAM,Tecnam P2006T,P06T,,LandPlane,LOW,Four-seat light twin,Piston,2,2007-09-13,578,0.4,서비스중,1,3,8.7,2.8,1374
PIAGGIO,Piaggio P.180 Avanti,P180,,LandPlane,LOW,Executive transport,Turboprop/Turboshaft,2,1986-09-23,236,,서비스중,1,9,14.4,4,2800
TECNAM,Tecnam P2008,P208,,LandPlane,LOW,Light aircraft,Piston,1,2008-09-30,,,서비스중,1,1,6.9,2.5,1277
TECNAM,P-2012 Traveller,P212,T12,LandPlane,LOW,,Piston,2,,,,서비스중,,,,,
Piper,PA-28(up to 180 hp),P28A,,LandPlane,LOW,Civilutility aircraft,Piston,1,1960-01-14,32778,0.5,서비스중,1,3,7.1,2.2,535
Piper,PA-28(above 200 hp),P28B,,LandPlane,LOW,Civilutility aircraft,Piston,1,,,,서비스중,1,3,7.1,2.2,535
PARTENAVIA,Partenavia P.68,P68,PN6,LandPlane,LOW,Light transport,Piston,2,1970-05-25,431,3,서비스중,1,6,9.6,3.4,2043
Piper,Piper PA-44 Seminole,PA44,,LandPlane,LOW,Trainingandpersonal aircraft,Piston,2,1978-01-01,926,0.7,서비스중,1,3,8.4,2.6,1695
Piper,Piper PA-46,PA46,PAG,LandPlane,LOW,Light aircraft,Piston,1,1979-11-30,,3.2,서비스중,2,6,8.6,3.4,2487
PILATUS,Pilatus PC-12,PC12,PL2,LandPlane,LOW,Passenger and cargo aircraft,Turboprop/Turboshaft,1,1991-05-31,1700,5.4,서비스중,2,9,14.4,4.3,3417
PIPISTREL,Pipistrel Sinus,PISI,,LandPlane,LOW,Ultralight Aircraft,Piston,1,1966-10-16,1000,0.1,서비스중,1,1,6.6,1.7,1200
PIPISTREL,Pipistrel Taurus,PITA,,LandPlane,LOW,Self-launchingsailplane,Piston,1,2004-01-01,,0.1,서비스중,1,1,7.3,1.4,
PIPISTREL,Pipistrel Virus,PIVI,,LandPlane,LOW,Ultralight civil utility aircraft,Piston,1,1999-08-10,1000,0.2,서비스중,1,1,6.5,1.9,1450
Robin,Alpha 2000,R200,,LandPlane,LOW,Multipurpose civil aircraft,Piston,1,1976-01-15,,,서비스중,2,,7.1,2.1,796
Avro, Avro RJ70,RJ70,AR7,LandPlane,MEDIUM,Airliner,Jet,4,,,,서비스중,2,82,26.2,8.6,3870
Avro,Avro RJ85,RJ85,AR8,LandPlane,MEDIUM,Airliner,Jet,4,,,,서비스중,2,100,28.6,8.6,3650
Sikorsky,Sikorsky S-61,S61,S61,Helicopter,MEDIUM,Medium-lifttransport/ airliner helicopte,Turboprop/Turboshaft,2,1959-03-11,119,,서비스중,2,30,18,5.3,833
EUROCOPTER,Eurocopter AS365 Dauphin,S65C,NDH,Helicopter,LOW,Mediumutility helicopter,Turboprop/Turboshaft,2,1975-01-24,1000,10,서비스중,2,12,13.7,4.1,827
SIKORSKY,Sikorsky S-76,S76,S76,Helicopter,LOW,Utility helicopter,Turboprop/Turboshaft,2,1977-03-13,1090,15,서비스중,2,13,16,4.4,761
SIKORSKY,Sikorsky S-92,S92,S92,Helicopter,MEDIUM,Medium-lift transport/utility helicopter,Turboprop/Turboshaft,2,1998-12-23,300,,서비스중,2,19,20.9,4.7,998
CIRRUS,SF50 Vision Jet,SF50,,LandPlane,LOW,Very light jet,Jet,1,2008-07-03,170,2.8,서비스중,1,6,9.4,3.3,1100
SHORT,Short 360,SH36,SH6,LandPlane,MEDIUM,Transport aircraft,Turboprop/Turboshaft,2,1981-06-01,165,,서비스중,3,36,21.6,7.2,1595
TECNAM,Tecnam P2002 Sierra,SIRA,,LandPlane,LOW,Two-seat light single,Piston,1,,,0.1,서비스중,1,1,6.6,2.3,
SUKHOI,Sukhoi Superjet 100,SU95,SU9,LandPlane,MEDIUM,Regional jet,Jet,2,2008-05-19,172,50.1,서비스중,2,108,29.9,10.3,3048
TUPOLEV,Tupolev Tu-204 / Tu-214,T204,T20,LandPlane,MEDIUM,Narrow-bodyjet airliner,Jet,2,1989-01-02,86,35,서비스중,3,210,46.1,13.9,4340
TL ULTRALIGHT,TL Ultralight TL-96 Star,TL20,,LandPlane,LOW,Two side by side seat ultralight,Piston,1,1997-11-01,,,서비스중,2,,6.5,2.1,1000
TEAM ROCKET,F-1,TRF1,,LandPlane,LOW,,Piston,1,,,,서비스중,,,,,
TECNAM,Tecnam P2010,TWEN,,LandPlane,LOW,Four seatlight aircraft,Piston,1,2012-04-12,25,0.3,서비스중,4,,8,2.6,1222
IAI,IAI Westwind,WW24,WWP,LandPlane,MEDIUM,Business jet,Jet,2,1963-01-27,442,3,서비스중,2,7,16,4.8,4430
HARBIN,Yunshuji Y12,Y12,YN2,LandPlane,LOW,Twin-engine turboproputility aircraft,Turboprop/Turboshaft,2,1982-07-14,,3,서비스중,2,17,14.9,5.6,1340
YAKOVLEV,Yakovlev Yak-40,YK40,YK4,LandPlane,MEDIUM,Regional jet/ VIP transport,Jet,3,1966-10-21,1011,1,서비스중,3,32,20.4,6.5,1800
YAKOVLEV,Yakovlev Yak-42,YK42,YK2,LandPlane,MEDIUM,Narrow-bodyJet airliner,Jet,3,1975-03-07,185,,서비스중,3,120,36.4,9.8,4000
